id,building,floor,type,label,lat,lng,uq_maps_identifier,poi_id,kind_raw
JH-1-001,John Hines (Building 62),1,room,101 - Switch Room,-27.498805,153.012110,e717b0bcd88e08781a30ce6c7f26c01172e090c2d074c7a85617f20ffef14d4b,1236762,room
JH-1-002,John Hines (Building 62),1,room,102 - Unusable Space,-27.498867,153.012094,47874d259f8465c84caf1d34629a4b4470ed3da68aef94e341c89ccf30c89efd,1236752,room
JH-1-003,John Hines (Building 62),1,stairs,103 - Office Storage,-27.498912,153.012426,4be06de32aba53700aadb726b03abb48a366c5a8222b36c68f9279c797e523cb,1236753,stairs
JH-1-004,John Hines (Building 62),1,room,104 - Wet Lab-Scientific PC2+,-27.498900,153.012365,c481c0c83bf32adc8e3749ff35f6c46733518cba8a76ed6a8a5dbac58b54bb9b,1236759,room
JH-1-005,John Hines (Building 62),1,room,104A - Wet Lab-Scientific PC2+,-27.498860,153.012349,e038816527e3b871a622b3cce7fd84b68449538a6cc4c2cb9591555424928f7d,1236751,room
JH-1-006,John Hines (Building 62),1,room,105 - Wet Lab-Scientific PC2+,-27.498878,153.012304,dd0f0e3ecf7f9a451e5ce31934d40b9cbf75b05637330212d17dbc7c43591824,1236760,room
JH-1-007,John Hines (Building 62),1,room,106 - Plant Room-Mechanical,-27.498843,153.012208,22a3aeaf19f3036ab8fe4dc70863d7e999ed852ba8398ee66bc585a8389395e2,1236758,room
JH-1-008,John Hines (Building 62),1,corridor,195 - Circulation Space,-27.498762,153.012078,a8d4768e7c20912dcd85ece5564f59712a8308875661277e66f50ad689b32570,1236761,room
JH-1-009,John Hines (Building 62),1,corridor,196 - Circulation Space,-27.498843,153.012114,cbc1df697b5acf3450c869ed9384b77ff8266ddd765d8bdf7875ddd1648a45a5,1236757,room
JH-1-010,John Hines (Building 62),1,stairs,197 - Stairs,-27.498906,153.012410,8f2a72b35e44fdcb98bd3accbf6ce64169042e644962415389aae87334c22176,1236756,stairs
JH-1-011,John Hines (Building 62),1,stairs,199 - Stairs,-27.498868,153.012159,d1c7dd4aee8b55fe3fec44ca0f6ad00363bbd20f1f00b8c62a740806580ba3d3,1236754,stairs
JH-2-012,John Hines (Building 62),2,room,203 - Ancillary-Type Not Defined,-27.498896,153.012150,526e092107a599f50343ea6a364096e57179a40493108b26f602a3a99ce2a44d,1236833,room
JH-2-013,John Hines (Building 62),2,toilet,204 - Toilet/Amenities-Male,-27.498853,153.012039,1952aa772484eca138e4990af536df3680b897db10b967046efb14275ea5481f,1236818,room
JH-2-014,John Hines (Building 62),2,toilet,205 - Shower/Change Facility,-27.498851,153.012082,26a5823d6693a6353f6484de393f61dc9ea1b5a71da62a60ed76ee2f002a9c79,1236847,room
JH-2-015,John Hines (Building 62),2,toilet,206 - Toilet/Amenities-Female,-27.498820,153.012056,ce5c3ed093af6be730d979963dcd0c79114f66f021de3a8e7bc8337c26307af5,1236829,room
JH-2-016,John Hines (Building 62),2,room,207 - Switch Room,-27.498799,153.012099,b68eaec1687975c1d9215e1ef7c714d8561ba89c8f11117c684eb4ba301b33fc,1236810,room
JH-2-017,John Hines (Building 62),2,room,208 - Wet Lab-Scientific PC2+,-27.498786,153.012063,73fdca49d3dda9b403024a99864305ae10e508f05df654f2c2c50a82d328a363,1236851,room
JH-2-018,John Hines (Building 62),2,room,209 - Wet Lab-Scientific PC2+,-27.498697,153.011994,95c365c17026dc0db4b07e55811a0539c7cb1faf34747d6baac53f4875afc019,1236843,room
JH-2-019,John Hines (Building 62),2,room,209B - Wet Lab-Scientific PC2+,-27.498651,153.011906,c7046a9ec0de5766b9425cdea0dfbea4bb673c564e628e71931048eb3a2b8dfb,1236813,room
JH-2-020,John Hines (Building 62),2,room,209C - Wet Lab-Scientific PC2+,-27.498667,153.011886,c21abcdc0d8afe2154347ebe55625854a06b82a5235d49a7dd6ac059551fe87c,1236861,room
JH-2-021,John Hines (Building 62),2,room,209D - Wet Lab-Scientific PC2+,-27.498718,153.012081,1a2cb8b9caeb0361f8b06b39074d1259dbdd7ca6bb1631dc91d77ee0d4398cdf,1236848,room
JH-2-022,John Hines (Building 62),2,room,210 - Wet Lab-Scientific PC2+,-27.498774,153.012022,f00f22741bf4a31616364ec5d82ede12fe86741c4d4890c09f7c87acf8b2a6dc,1236834,room
JH-2-023,John Hines (Building 62),2,room,211 - Office-Research Staff,-27.498762,153.011991,3973b7ed51b887f97a63a9c2022b7c87b9cdbb89f75f11d88e37be816c3d1f0f,1236840,room
JH-2-024,John Hines (Building 62),2,room,212 - Office-Research Staff,-27.498751,153.011961,7601551a7323ae485563ebe7df895c21e71ef40100e744f09e35ec5b4027041d,1236852,room
JH-2-025,John Hines (Building 62),2,room,213 - Open Plan-Honours/Postgraduate Students,-27.498740,153.011931,b6ddcfd2f9d13942e77feec852ca6b964f1afdeb085c70cf6d7cd31f35a115a0,1236825,room
JH-2-026,John Hines (Building 62),2,room,214 - Office-Honours/Postgraduate Students,-27.498729,153.011901,91c72cd602b7afc9d01d61caf4b3d5da0d46cede88857bbefbab5bc9f5e28c9d,1236827,room
JH-2-027,John Hines (Building 62),2,room,215 - Wet Lab-Scientific PC2+,-27.498719,153.011871,6c3e9ba2137f3292a2650f435b7eb59435d1d33477822eaca382af1ba345e46a,1236839,room
JH-2-028,John Hines (Building 62),2,room,217 - Plant Room-Mechanical,-27.498726,153.011827,cb1b3d28c3663f6ad714c4cf0454fbc2f096cd82aa4595e5d112211828a2cc49,1236831,room
JH-2-029,John Hines (Building 62),2,room,218 - Wet Lab-Scientific PC2+,-27.498745,153.012107,3f2f14d5a5a2d21bc760c720253254ad8e6e799f0739b4b89af3f5d1e0b220ea,1236824,room
JH-2-030,John Hines (Building 62),2,room,218A - Wet Lab-Scientific PC2+,-27.498713,153.012116,397c6e40c3bbd72f8aa6b837e3b62e9dc14ab4bbd2db1a3c01080cf68b2a7e99,1236821,room
JH-2-031,John Hines (Building 62),2,room,219 - Office-Honours/Postgraduate Students,-27.498754,153.012138,5cd34da98e158bfc42c44f948c0707ca2f26a0580bc4a444ee38554899848878,1236859,room
JH-2-032,John Hines (Building 62),2,room,220 - Plant Room-Mechanical,-27.498731,153.012149,b321abf04db47b55e7435081a6d9b1b072c1663cba279ee20dcf2dca3800e54d,1236817,room
JH-2-033,John Hines (Building 62),2,room,220A - Office-Honours/Postgraduate Students,-27.498704,153.012159,1671e3ae67554b0ffaa7a063068cb7c5efd4d08aaee8c51d08540787009674e9,1236842,room
JH-2-034,John Hines (Building 62),2,room,220B - Office-Honours/Postgraduate Students,-27.498709,153.012191,945c40304691ba3fbbc8d6edc96f0cc65aab7061b74bf2e4858b378381221c0a,1236832,room
JH-2-035,John Hines (Building 62),2,room,221 - Wet Lab-Scientific PC2+,-27.498782,153.012240,6bc857fba027c827b49ee670fb3eb4a659cae3f7c3d869038d90bf45bf54ca0e,1236830,room
JH-2-036,John Hines (Building 62),2,room,221A - Hot Desk,-27.498720,153.012220,184563d15c9ba14f92c9ceff50b24356065fb462890b5b6d8e20adb00a6b192e,1236822,room
JH-2-037,John Hines (Building 62),2,room,221B - Hot Desk,-27.498729,153.012251,c46ca5734375179976c693556e8e6be8b2215c48af94d3878701d0ce87a9c0ee,1236849,room
JH-2-038,John Hines (Building 62),2,room,221C - Office-Research Staff,-27.498740,153.012281,593f56bbf0eb06186209216f9a299e0c2e3f3e45adf02b09ebcafd060e245170,1236815,room
JH-2-039,John Hines (Building 62),2,room,221D - Office-Research Staff,-27.498753,153.012310,469b55c758d8a8023a74e79b552a96a717f0507b4304515cda18d08fe7b7ba14,1236812,room
JH-2-040,John Hines (Building 62),2,room,222 - Office-Research Staff,-27.498818,153.012416,edba1fc177081e5a799595770e357a82724bf28d7c88e1a14407802a90c22c3f,1236811,room
JH-2-041,John Hines (Building 62),2,room,222A - Plant Room-Mechanical,-27.498824,153.012304,a63d2b873e8b927518d2d5232d0516d1d9c0f16672a870028b0a12f5bc8b12df,1236856,room
JH-2-042,John Hines (Building 62),2,room,222B - Office Storage,-27.498812,153.012313,32ac9e64eda44ac433a98bb4ad6908ef56ad24311616702e5781d329ba4f898b,1236826,room
JH-2-043,John Hines (Building 62),2,room,223A - Office-Research Staff,-27.498833,153.012345,3e41f586f2a6e0e2eaa72aac85716544f97f4ac61dd2610aafdc289f53c0378d,1236860,room
JH-2-044,John Hines (Building 62),2,room,223E - Office-Research Staff,-27.498790,153.012329,3494eb8eeb66b84bab018e05f940445ac07633e44bd39e13262b4e2f9d48bb63,1236841,room
JH-2-045,John Hines (Building 62),2,room,223F - Office-Research Staff,-27.498801,153.012360,fe76019ec11c6fa045f2bde2f5e52ac9e5dbccdff56e888017176b9fc140b48e,1236854,room
JH-2-046,John Hines (Building 62),2,room,226 - Staff Common Room,-27.498848,153.012401,6c6b599c603ffa2570b27881ee435506e19b57ffa23a3202e0248fe3233601c8,1236855,room
JH-2-047,John Hines (Building 62),2,room,228 - Office-Honours/Postgraduate Students,-27.498902,153.012366,ff47dd6ed9d8755a7d5ddedb5cf6ff1043c7838f628777af31d1f9abb085a97d,1236844,room
JH-2-048,John Hines (Building 62),2,room,229 - Wet Lab-Scientific PC2+,-27.498880,153.012305,f6e8138ac71032edc036abaee1946142a15eac40c38b58ae96fdea54b64fe61f,1236814,room
JH-2-049,John Hines (Building 62),2,room,230 - Office-Honours/Postgraduate Students,-27.498861,153.012261,c6b555e7e34421bd26866e0099ba82cd665bcc814c56df9532cac2ac6895a3eb,1236838,room
JH-2-050,John Hines (Building 62),2,room,231 - Wet Lab-Scientific PC2+,-27.498850,153.012229,ecc012a85bcf82b19b097b5fab3b9c5b6edd577e232d6f0b0ea19cb2b3b147a9,1236828,room
JH-2-051,John Hines (Building 62),2,room,232 - Wet Lab-Scientific PC2+,-27.498839,153.012205,78d864d89172709b751c3041c201f9236abea22999e8b956859c16f85c54e695,1236853,room
JH-2-052,John Hines (Building 62),2,room,233 - Controlled Temperature Room,-27.498821,153.012181,c933651f1a4da40cbfe8271a973df164369142095a01db6df9d8246eeaea63d9,1236819,room
JH-2-053,John Hines (Building 62),2,room,233A - Controlled Temperature Room,-27.498840,153.012172,fe92373a6182c1b00b683a5d80198be08f2402110f288db2d3d74fba20b65b26,1236857,room
JH-2-054,John Hines (Building 62),2,room,234 - COMMS RISER,-27.498822,153.012149,5457acd9cb87972bd26a11e3e6856fee3a92f6b45a991c75c003d0700c3e3203,1236858,room
JH-2-055,John Hines (Building 62),2,corridor,240 - Circulation Space,-27.498771,153.012121,113de3d6f2fc457e718dff52a0f4976c7108031736bf56a823cca6358e63ad67,1236846,room
JH-2-056,John Hines (Building 62),2,corridor,292 - Circulation Space,-27.498847,153.012360,0963caf3fd972aa4179fdb4e0571c67ad102bf3cdd03d83bc8f4b5e8fbd7683f,1236816,room
JH-2-057,John Hines (Building 62),2,corridor,293 - Circulation Space,-27.498820,153.012240,74ab1dd38bc844956c0c214f49ed79a774706eae577da9b4fb7c3993da37515f,1236850,room
JH-2-058,John Hines (Building 62),2,corridor,294 - Circulation Space,-27.498754,153.012259,2ffa42982d2bb223d3582c818b241b624d6ee1c2d591eeb89fcc681af49a2098,1236845,room
JH-2-059,John Hines (Building 62),2,corridor,295 - Circulation Space,-27.498734,153.012184,ce45b552239a734490144ea8cfc49995fa96cc63c7d3a6875632f43edc5707e7,1236820,room
JH-2-060,John Hines (Building 62),2,corridor,296 - Circulation Space / Hand Sanitiser,-27.498813,153.012125,ed7fb3c8acdca5b205b0db4f0efd404a11bc1f9b5a83704654d430566994c59b,1236837,room
JH-2-061,John Hines (Building 62),2,corridor,297 - Circulation Space,-27.498858,153.012105,839c43099fe2a5835204ebb6954d67624de834a81b281b32c4f062319ef1a1f1,1236836,room
JH-2-062,John Hines (Building 62),2,stairs,298 - Stairs,-27.498690,153.011844,2f48023404bb4a6cb17bb63e07dcfcbd250b1517f8e242164dd4a901de3c8ecf,1236823,stairs
JH-2-063,John Hines (Building 62),2,stairs,299 - Stairs,-27.498865,153.012155,ff557ce6aa0db515911b493d41c969f61200f5fd42dfeb0124fdb7375dddd855,1236835,stairs
JH-3-064,John Hines (Building 62),3,room,303 - Controlled Temperature Room,-27.498891,153.012135,398b8b6eaed3f9fa26bc742ea070a043758b170382d2b1c9d7bbc328944b2b5d,1236905,room
JH-3-065,John Hines (Building 62),3,room,303A - Controlled Temperature Room,-27.498902,153.012167,4f3626acb88ff0a0f5df890d2c0b42e02a0888357a172cbcdc6a718adb0495c3,1236876,room
JH-3-066,John Hines (Building 62),3,toilet,304 - Toilet/Amenities-Male / Toilet/Amenities-Male Accessible,-27.498853,153.012041,658f95a9131d840ebe2a408229876089d1e270f0e2cbd8a5776f98b5b7106efc,1236908,room
JH-3-067,John Hines (Building 62),3,toilet,305 - Shower/Change Facility,-27.498851,153.012082,f1aac03fa1b9a9566bdc5d57a80a1f9b86bd18ab2c3a60c771efe66c99f75c6c,1236897,room
JH-3-068,John Hines (Building 62),3,toilet,306 - Toilet/Amenities-Female / Toilet/Amenities-Female Accessible,-27.498820,153.012056,b6da7571e567c02bc223e434cea2425ad7ed6cbe7a45d58abc409fc87a901a7f,1236917,room
JH-3-069,John Hines (Building 62),3,room,307 - DATA RISER,-27.498793,153.012110,5987e3b77539ebd3b99728c2203140a59acf3956ccc6b18a91b542906b0bf267,1236894,room
JH-3-070,John Hines (Building 62),3,room,309 - Wet Lab-Scientific PC2+,-27.498798,153.012091,881c3cde3861f4d5ee263336e2abab669d15890087475a47a134f5eebf855b9a,1236878,room
JH-3-071,John Hines (Building 62),3,room,310 - Wet Lab-Scientific PC2+,-27.498784,153.012056,6d1ccfa0305fffd56b7fc44babf466c6585b137992604192dba77b6f21484f93,1236913,room
JH-3-072,John Hines (Building 62),3,room,311 - Wet Lab-Scientific PC2+,-27.498774,153.012019,96f2b7cf00097a5d94cc792619ff042a9d3e37a894c6eccf799b77245794c852,1236888,room
JH-3-073,John Hines (Building 62),3,room,312 - Wet Lab-Scientific PC2+,-27.498763,153.011988,e2683734292c91db889d561e9981919fd541bd16811581cd2b7c4fa48b7729a7,1236886,room
JH-3-074,John Hines (Building 62),3,room,313 - Wet Lab-Scientific PC2+,-27.498752,153.011958,e70c0f9719cf1ee32b3166011259fe39080370831db6e6d7ff54c8e5c54f224e,1236879,room
JH-3-075,John Hines (Building 62),3,room,314 - Wet Lab-Scientific PC2+,-27.498740,153.011929,ec3305fa708375fe413d331d90e93a90e8ab5890da4b6aee6c2e05f092ffdff1,1236881,room
JH-3-076,John Hines (Building 62),3,room,315 - Wet Lab-Scientific PC2+,-27.498728,153.011902,5ce8ecd8a31e1945b6a5a4cf19479837f24e59c038101ca723a73e4ab27b8ab0,1236909,room
JH-3-077,John Hines (Building 62),3,room,316 - Wet Lab-Scientific PC2+,-27.498717,153.011871,b558a068d24a091118e7c2d6b4fd844d2a14210463e4b692b605d5a94f5aeb80,1236896,room
JH-3-078,John Hines (Building 62),3,room,318 - Plant Room-Mechanical,-27.498726,153.011827,03663881dba57089d7337cad43bf382aef8d6830bef84da098c9ef76849d77ac,1236906,room
JH-3-079,John Hines (Building 62),3,room,319 - Wet Lab-Scientific PC2+,-27.498690,153.011979,e053f26d1ac26d690c299ed536206fe1d1a4a8dede7936fcc37a9627ccda0881,1236911,room
JH-3-080,John Hines (Building 62),3,corridor,319A - Circulation Space,-27.498766,153.012097,58165367c0a08ae849e097c15bb771023176362bfa9b71c7665efdc10722dfd1,1236890,room
JH-3-081,John Hines (Building 62),3,room,320 - Open Plan-Honours/Postgraduate Students,-27.498714,153.012083,944c122fcddf5a299955cf134fa95bb37886ef66b591e017611ea93f48ea3b0c,1236912,room
JH-3-082,John Hines (Building 62),3,room,321 - Open Plan-Honours/Postgraduate Students,-27.498725,153.012113,1c3a84971e3943b568f730614933fd53e5b20383c4275a9f4d2bc9bd26861ab3,1236903,room
JH-3-083,John Hines (Building 62),3,room,324 - Meeting/Board/Conference Room,-27.498743,153.012157,81732058a38a0f43f3be02962e7f8a7cfe60c14866984b146d81e6c6a0ac9ce4,1236877,room
JH-3-084,John Hines (Building 62),3,room,324A - Kitchenette/Tea Room,-27.498735,153.012210,db2361a1f2562d834883cb766be6fa01738c594e2d84a8e005cf3f349f5c4894,1236901,room
JH-3-085,John Hines (Building 62),3,room,326 - Hot Desk,-27.498761,153.012198,2dd539599c75c7c6ce02bae897e63a7bd126fbd9dd5adde23a6b53b2f62e9524,1236916,room
JH-3-086,John Hines (Building 62),3,room,326A - General Common Room,-27.498770,153.012229,2cda56f357f5c104d59b5fda748cac51c3d6e0c0cd2ea23a06a865f964d22a2f,1236898,room
JH-3-087,John Hines (Building 62),3,room,327 - Open Plan-Honours/Postgraduate Students,-27.498779,153.012259,0c23919b25e9a35989e3cf52c15cb005a2518a62be71347f85da532d238bf5c3,1236915,room
JH-3-088,John Hines (Building 62),3,room,328 - Wet Lab-Postgraduate Students/Research,-27.498807,153.012335,2818eca1135dffa9a5528ea71d54b5bc42e40608b8469d75a57d82f3e43904c4,1236891,room
JH-3-089,John Hines (Building 62),3,room,329 - Office-Academic Staff,-27.498827,153.012417,df8b1fefe73c2a3ab89437dfa031773b8cee6d4d73d39f4b9e5e899df82af0e1,1236900,room
JH-3-090,John Hines (Building 62),3,room,330 - Wet Lab-Postgraduate Students/Research,-27.498905,153.012381,de2a76029914705fc172de22763f691251c9a9ed5a4bd05274664d6e068e82e8,1236884,room
JH-3-091,John Hines (Building 62),3,room,331 - Office-Research Staff,-27.498894,153.012350,8a8ab96c45c24beaeef8a24d302c05330c6489d52e7ca9611a7b5baa93c6e240,1236914,room
JH-3-092,John Hines (Building 62),3,room,332 - Office-Research Staff,-27.498883,153.012321,f1efc37bad19fd7271d44d81419cf4c420244af7139c07d069979f83dfeaa7a9,1236902,room
JH-3-093,John Hines (Building 62),3,room,332A - ELECTRICAL RISER / DB,-27.498858,153.012310,59f3da04701a2accc807420855e91f7dc58a9cf6d611e59dbfd382a3a5a33fbe,1236899,room
JH-3-094,John Hines (Building 62),3,room,333 - Office-Research Staff / Office-Technical/Laboratory/Store Staff,-27.498867,153.012275,dd8a73eb55341ea3b0cb80c820c797b11eb200b367c739abe1c03518dca11f21,1236889,room
JH-3-095,John Hines (Building 62),3,room,334 - Office-Academic Staff,-27.498851,153.012230,b2e50f311eabe765258fca38c9bcf83cedbb4fd13745eb80db929e6187e6b55d,1236880,room
JH-3-096,John Hines (Building 62),3,room,335 - Office Storage,-27.498840,153.012200,29d3f881fa50decb2c1421c5974a8ecb1f0d2011ee6fa65236823f2dcaa676f0,1236893,room
JH-3-097,John Hines (Building 62),3,room,336 - Mail Sorting/Goods Receipt/Despatch,-27.498830,153.012171,75d40172aa580080394dbd26f33545cd5ff521e68f8efc3f1205c515307530c7,1236904,room
JH-3-098,John Hines (Building 62),3,room,337 - ELECTRICAL RISER / DB,-27.498810,153.012148,0cf66b9360a0a370ab492f51a0caf95b2dcbfe79d05cd34532a3f9739b5ac56d,1236885,room
JH-3-099,John Hines (Building 62),3,room,338 - MECHANICAL RISER,-27.498824,153.012149,3cb463cdcd2328dce11ec30c7ca5bb01626b5de526646e2bf2782d6ea1da0e94,1236883,room
JH-3-100,John Hines (Building 62),3,corridor,395 - Circulation Space,-27.498880,153.012116,3f53079d10fb195c03a1059387787f905abe48361f2075886a6f00d82d53a49c,1236907,room
JH-3-101,John Hines (Building 62),3,corridor,396 - Circulation Space,-27.498826,153.012250,d1113655ec3a101b472f47c81da270fb17fe31fb69a811b64bce3c2ec859033e,1236887,room
JH-3-102,John Hines (Building 62),3,corridor,397 - Circulation Space,-27.498858,153.012105,b7c8af10d9c4fa1af533f9c230cb7d91c60f0936e4da00f00dd76f476e5e9994,1236892,room
JH-3-103,John Hines (Building 62),3,stairs,398 - Stairs,-27.498690,153.011844,cfabdef0604286d61e20cd081781391fb4c0fd7e354c95932e71265194b8719d,1236910,stairs
JH-3-104,John Hines (Building 62),3,stairs,399 - Stairs,-27.498865,153.012156,ab6a571223841168f8ee89c33053ec19fbf9cd6fad885e2d04e1088eb95e16f0,1236882,stairs
JH-4-105,John Hines (Building 62),4,room,403 - Controlled Temperature Room,-27.498896,153.012150,e0f11f72ad6553df782820dcfdafd7eee0e62c5840f78e91eb087664b2171168,1237589,room
JH-4-106,John Hines (Building 62),4,toilet,404 - Toilet/Amenities-Male,-27.498853,153.012041,1c2b2760ade6cb5e16211685c0ea68aac30f98bc45565680be927753c9690cd6,1237585,room
JH-4-107,John Hines (Building 62),4,toilet,405 - Shower/Change Facility,-27.498851,153.012082,5082c3daf6c6b845748ac4d3c7b136434dc17f6ad21d5e511c28e35b1ae2b6d3,1237592,room
JH-4-108,John Hines (Building 62),4,toilet,406 - Toilet/Amenities-Female,-27.498820,153.012056,ffca60132d573adb325eebd1c195a5674c8876a4eeee2f09b57bfda0c5bfa97b,1237595,room
JH-4-109,John Hines (Building 62),4,room,407 - DATA RISER,-27.498799,153.012118,6840be6ee07237dd86907da3aa1e2a70e980d67ba66bf7e6e12a97718e7ea07c,1237574,room
JH-4-110,John Hines (Building 62),4,room,408 - Wet Lab-Scientific PC2+,-27.498799,153.012093,119fab9a3766ebf22bfa15fce349a3ccd58964dd2fd7131e10d2743f828268fe,1237598,room
JH-4-111,John Hines (Building 62),4,room,410 - Wet Lab-Scientific PC2+,-27.498779,153.012041,db6a00cf1d82e78c9568f4a86f5bac753a268b7abc0d43e95c8b3878a6e2e0f6,1237569,room
JH-4-112,John Hines (Building 62),4,room,410A - Controlled Temperature Room,-27.498763,153.011991,953d47ded8f8fb5b284c716db6908c756b06cf53ef54b846ed0b36916e17ad2f,1237583,room
JH-4-113,John Hines (Building 62),4,room,411 - Instrument Room,-27.498753,153.011960,ba3546833591330883521d35a111559337acab4416d9ee68b3617f32ab086e79,1237597,room
JH-4-114,John Hines (Building 62),4,room,412 - Wet Lab-Scientific PC2+,-27.498700,153.011942,75c47bbf86624230720cbb2690bb3b163c53a3e30c5e3666ff1f805db62be520,1237566,room
JH-4-115,John Hines (Building 62),4,room,414 - Plant Room-Mechanical,-27.498726,153.011827,e45835157bdd3cb6f24e501b5d50caf5b3022f2a930e2fe102f700a69327f5b9,1237581,room
JH-4-116,John Hines (Building 62),4,room,415 - Instrument Room,-27.498631,153.011910,672414b2c02df2bf9b4429a1d35b4c750aea96a13e834a3a78201838c8422fe4,1237573,room
JH-4-117,John Hines (Building 62),4,room,416 - Instrument Room,-27.498664,153.012003,cd5242acdabd0cc021fb5dc410db973343fcb92e4ac78c62c5847ebca2cff54a,1237593,room
JH-4-118,John Hines (Building 62),4,room,417A - Wet Lab-Scientific PC2+,-27.498675,153.012031,29a56131acd3c191bc0ede311a5c70afc3d7ba201ca75d56ce89abbc6d596c40,1237568,room
JH-4-119,John Hines (Building 62),4,room,417B - Wet Lab-Scientific PC2+,-27.498686,153.012062,4d0281d441b271cdb800991180530e611a6531099e90467a4f400b8267024779,1237586,room
JH-4-120,John Hines (Building 62),4,room,417C - Wet Lab-Scientific PC2+,-27.498707,153.012052,686bbbaca26d072a6092420d68ebc2ff0065842377a13dec405cb54d6e65f5f7,1237576,room
JH-4-121,John Hines (Building 62),4,room,417D - Wet Lab-Scientific PC2+,-27.498727,153.012042,9d6e41c6ca65001b12fc7abd950b89cd7bef022120d29eeaac075cb62da619af,1237571,room
JH-4-122,John Hines (Building 62),4,room,418 - Wet Lab-Scientific PC2+,-27.498721,153.012097,354cca3ddea98e431d42af5720f83a7139301a2ab823c28e3d7475cfa042c37b,1237602,room
JH-4-123,John Hines (Building 62),4,room,419 - Wet Lab-Scientific PC2+,-27.498738,153.012142,aa04c6f4ec7fd0f3b8256e490e1332f0936089f5ecad8d804da2e3f46c2bb1cb,1237591,room
JH-4-124,John Hines (Building 62),4,room,420 - Wet Lab-Scientific PC2+,-27.498749,153.012172,0991aaad012b3f56dc5697c0179811b5b2227a349ed1233fe252a63bdfa48f9e,1237600,room
JH-4-125,John Hines (Building 62),4,room,421 - Office-Research Staff,-27.498759,153.012205,52900abf8af09b3bf71bfee4cb87725d7cba738666ca64260de9c6c4987394d1,1237584,room
JH-4-126,John Hines (Building 62),4,room,422 - Instrument Room,-27.498773,153.012233,1d5092c35f1b2e37e32688fea7a048775ddfd9c33e280534a801899e3583cbef,1237565,room
JH-4-127,John Hines (Building 62),4,room,424 - Wet Lab-Scientific PC2+,-27.498825,153.012323,e21537466d21ce00de1a65443616b3ec6b3c3db6032a874baef02c92278d2be6,1237599,room
JH-4-128,John Hines (Building 62),4,room,424A - Cleaners Room,-27.498838,153.012238,3987e46b1d23868b55223c7b358ea7d70336278578cd4176c1ab705a1bae2f4e,1237577,room
JH-4-129,John Hines (Building 62),4,room,427 - Office-Research Staff,-27.498905,153.012381,cffc2f71aa7bddd731c51c66c6ac12a6bff188e78976610986ea23225398ecaa,1237582,room
JH-4-130,John Hines (Building 62),4,room,428 - Office-Academic Staff,-27.498894,153.012350,6b1ce68257a78c6604b3d56eb068c67becefb4994329f38f41729b18d7a16bd6,1237580,room
JH-4-131,John Hines (Building 62),4,room,429 - Office-Research Staff,-27.498883,153.012321,b8bc14e951045a9552118542a690e5ed9c2d3625cabfe30f780eb74542de3190,1237596,room
JH-4-132,John Hines (Building 62),4,room,431,-27.498832,153.012220,,1003221250,room
JH-4-133,John Hines (Building 62),4,room,432 - Wet Lab-Scientific PC2+,-27.498854,153.012221,d28c10ca319f97fad6a01e2d5bf5ee7fef513b7b1c9b3f9699b052f220d8a750,1237572,room
JH-4-134,John Hines (Building 62),4,room,433 - Controlled Temperature Room,-27.498836,153.012177,7a2f838ede2d8201bd25f6de4f6dd958f40d1dc587c6499613496885b838288a,1237587,room
JH-4-135,John Hines (Building 62),4,room,433A - Controlled Temperature Room,-27.498828,153.012200,b06537c27333df840709b31984252a6d9baf27838ec94140eb3ea4e6107f3838,1237594,room
JH-4-136,John Hines (Building 62),4,room,434 - ELECTRICAL RISER / DB,-27.498810,153.012148,df64dba8adb468e04c36c79f3ecc9531b9b8c71cb7a0be0be819c8616ab41ff0,1237570,room
JH-4-137,John Hines (Building 62),4,room,435 - MECHANICAL RISER,-27.498824,153.012149,ef7eabc9e486a84da5ea0f7285e98a3abb7170176d8ad1a4b32ef3efa950b66a,1237575,room
JH-4-138,John Hines (Building 62),4,corridor,440 - Circulation Space,-27.498784,153.012139,50f40c1faf291de457f59e90f0004daf64f4e5cbb1d076be3a310678e4b8a50e,1237601,room
JH-4-139,John Hines (Building 62),4,corridor,494 - Circulation Space,-27.498756,153.012064,e872fe2e1c28290ed94ad332c27e9de2f44ee4a33b80745b6f4320fe85e8b8c0,1237588,room
JH-4-140,John Hines (Building 62),4,corridor,495 - Circulation Space,-27.498810,153.012211,781350bb44a01f23daf5c395c9c7a6c3c77014ff0a6d0d224f46c83a7b61ba10,1003221249,room
JH-4-141,John Hines (Building 62),4,corridor,496 - Circulation Space,-27.498815,153.012126,7696e7f1639afeec47c2a78288437b3d2ba33035a1868be6367748405b4aadfb,1237578,room
JH-4-142,John Hines (Building 62),4,corridor,497 - Circulation Space,-27.498857,153.012105,70903dacd7f8817fd30232a643952415ebacbec95707fd6419b4d6e0995dcb5b,1237567,room
JH-4-143,John Hines (Building 62),4,stairs,498 - Stairs,-27.498690,153.011844,d2b9b550fad4fd1c7b8c6e8bacaf1e4b5709052fd85ab65ad7a9cd0d159418b3,1237590,stairs
JH-4-144,John Hines (Building 62),4,stairs,499 - Stairs,-27.498865,153.012156,51de61d1b09b217b3773fa90e6778da0349c86f608a61d88f8a18848b40d081f,1237579,stairs
JH-5-145,John Hines (Building 62),5,room,503 - Archive Storage,-27.498886,153.012132,b085665f527190886cc0d77335e6d3d608c3b9aae859403c878bf3a052975619,1237627,room
JH-5-146,John Hines (Building 62),5,room,503A - Instrument Room,-27.498900,153.012170,a4487979575c5a3bc1b276766fb4285001f5eae83b5f6fc94b71ce5ff473d5d2,1237626,room
JH-5-147,John Hines (Building 62),5,toilet,504 - Toilet/Amenities-Male,-27.498852,153.012041,01a029b4c3bf4729710136d12df73b06433a7cae37f57e3dc627c0fce2629bfa,1237633,room
JH-5-148,John Hines (Building 62),5,toilet,505 - Shower/Change Facility,-27.498851,153.012082,11312f6966d259dafa6511dd179541b24ad22cfb3365b3afff471851a79d5d52,1003221321,room
JH-5-149,John Hines (Building 62),5,toilet,506 - Toilet/Amenities-Female,-27.498820,153.012056,bcca76a40113ed4d1a9b8326761d805711744c17a9ad09090768aae92e4fabc1,1237620,room
JH-5-150,John Hines (Building 62),5,room,507 - Wet Lab-Scientific PC2+,-27.498790,153.012071,c84ca2f69803c07c4aab677926b7af3cdde2f8f8cd4eac7e4d1b22c55e3f0a21,1237655,room
JH-5-151,John Hines (Building 62),5,room,507A - Wet Lab-Scientific PC2+,-27.498756,153.012010,53f459aebe2e9ef6c586b0e6f24580d40710737a65ac78a0bfb09504a15c0bbe,1237653,room
JH-5-152,John Hines (Building 62),5,room,507B - Wet Lab-Scientific PC2+,-27.498776,153.012001,004585883d07c416593bf64a8473f0f957a7fa3ff8d8c1db01b0aba438a9a7cd,1237644,room
JH-5-153,John Hines (Building 62),5,corridor,507C - Circulation Space,-27.498786,153.012100,c22b0818734add633fc943e00af70852b44d74ced32290fa9c9cd9cb70f8cf04,1237648,room
JH-5-154,John Hines (Building 62),5,room,508 - COMMS STRUC CABLING SYSTEM ROOM,-27.498790,153.012112,4c9eac911fcd33f8b22f5ec2feb4aca951b1a329ebed37a596863ebf61a91356,1237623,room
JH-5-155,John Hines (Building 62),5,room,509 - Plant Room-Mechanical,-27.498748,153.011952,d36e0cb7aae98e1e52693fe7641e2fcfd28db0cbb31166088b63317693ea78f5,1237605,room
JH-5-156,John Hines (Building 62),5,room,510 - Wet Lab-Scientific PC2+,-27.498733,153.011910,fc1bd8de9060ac1ac6b05be34e4c5f104fa00801b6eff6d060dc24585a857aac,1237658,room
JH-5-157,John Hines (Building 62),5,room,511 - Wet Lab-Scientific PC2+,-27.498719,153.011873,ced93e54be8f4400758a7482b7f396a51fb6fa9b1c73fadb9927ffeac26cd14a,1237621,room
JH-5-158,John Hines (Building 62),5,room,512 - Wet Lab-Scientific PC2+,-27.498683,153.011957,761c0f9e6fd2e491bbd8aebe4d2e28283096476af9ea0fc2c89125f76d5aaef5,1237612,room
JH-5-159,John Hines (Building 62),5,room,514 - Wet Lab-Scientific PC2+,-27.498652,153.011901,d34dfe1bb418647404a3617e7aae40a83851003cbef28505d8dc573f4eb85de1,1237646,room
JH-5-160,John Hines (Building 62),5,room,516 - Plant Room-Mechanical,-27.498724,153.011828,2b3135b645568475f924f58c009812b4b488dc3e8674286b1693b2e701cd109a,1237609,room
JH-5-161,John Hines (Building 62),5,room,517 - Office-Honours/Postgraduate Students,-27.498716,153.012032,e7c0bb2298ccf3af17237db21c07cfd6c62c6dbeb51fb7938a8c99a3812ae145,1237639,room
JH-5-162,John Hines (Building 62),5,room,517A - Office-Research Staff,-27.498688,153.012061,8669c4aa0d28ea4173a0b19d8d09594c06a1fd49c2315d2ea2e1c26367005920,1237616,room
JH-5-163,John Hines (Building 62),5,room,517B - Hot Desk,-27.498680,153.012028,461144ef1857a3ab6b0ef72afb130d23fdbb3b25b5ea95bb5097fb048b86dcba,1237614,room
JH-5-164,John Hines (Building 62),5,room,519 - Open Plan-Honours/Postgraduate Students,-27.498729,153.012123,675adf6f590eb0ec4c6cfee5422535579b681a56d686723cc9872ce3129380fa,1237650,room
JH-5-165,John Hines (Building 62),5,room,519A - Office-Academic Staff,-27.498701,153.012088,fddd10ee8405e5e37340f77b3b3486ff0f9105a36e4d0834324d32edb8b46c1b,1237642,room
JH-5-166,John Hines (Building 62),5,room,519B - Hot Desk,-27.498733,153.012075,4e4d1df4a34cc4c36403ba0da3cd10ce3be180b50108ff0e2b3394fbf5bd47af,1237657,room
JH-5-167,John Hines (Building 62),5,room,522 - Office-Academic Staff,-27.498745,153.012164,b6f84b79f37e9a293e6c75b5c400005accb469a582649da91b1b2c823c3f8ed3,1237651,room
JH-5-168,John Hines (Building 62),5,room,522A - Kitchenette/Tea Room,-27.498774,153.012167,fc6733bf54b6faa058582089e63d2b795babc368a89f67621b7104df240b74a8,1237618,room
JH-5-169,John Hines (Building 62),5,room,523 - Open Plan-Honours/Postgraduate Students,-27.498778,153.012239,e6eda0c35b0bcaa1dc7bf2bc33eca50e22c089ae672775a61edadfff938d0da0,1237647,room
JH-5-170,John Hines (Building 62),5,room,523A - Office-Honours/Postgraduate Students,-27.498747,153.012208,012fb7e145046db985235794969712c3748c9b0a7ced66b7339d4b7ab7f5450f,1237661,room
JH-5-171,John Hines (Building 62),5,room,526 - Dry Lab-Postgraduate Students/Research,-27.498805,153.012308,c146dbb1da6b8dd4f97be6623c46d7c2ce38619e1a85271e3da42bbf57ee77d0,1237634,room
JH-5-172,John Hines (Building 62),5,room,526A - Dry Lab-Postgraduate Students/Research / Wet Lab-Postgraduate Students/Research,-27.498775,153.012301,61ffbfed221ba6fd0f4b590f146a9d72caff48f80a547086a686c911675ded32,1237608,room
JH-5-173,John Hines (Building 62),5,room,527 - Hot Desk,-27.498829,153.012341,3b7712ad2d9a3bf7ff3065769084090416fd839376d6434c0d4cf8bf0cddfed2,1237637,room
JH-5-174,John Hines (Building 62),5,room,527A - Office-Research Staff,-27.498798,153.012356,24c4d1d9fbb4f8356eb50e0072ff06a114dbcd80edf168417c07e1caa16a0ed1,1237622,room
JH-5-175,John Hines (Building 62),5,room,528 - Wet Lab-Scientific PC2+,-27.498831,153.012396,b9f6827d25133de8be0f3cd49962303bf61318051c2bace58510c32f3470f2fa,1237617,room
JH-5-176,John Hines (Building 62),5,room,531,-27.498903,153.012382,e6475a6263d7313a4f5afba0863949e50ee09d30914b168542b3a26efc5719ea,1237629,room
JH-5-177,John Hines (Building 62),5,room,532 - Instrument Room,-27.498892,153.012351,1ab788b49dc55260a18f1654ad34717e63094528bf7be0b43dfcf69e6156f5cc,1237603,room
JH-5-178,John Hines (Building 62),5,room,533 - Wet Lab-Scientific PC2+,-27.498872,153.012293,f1b4d2691d4d0d327757102050dc7a66b0a67b18b8884c8017343cf3c61ed523,1237652,room
JH-5-179,John Hines (Building 62),5,room,534 - Open Plan-Honours/Postgraduate Students,-27.498847,153.012225,90e1341f05d309644f97f0a529fa3e4db6a401d5bd6d0a912783c5e9279a173a,1237604,room
JH-5-180,John Hines (Building 62),5,room,535 - Controlled Temperature Room,-27.498830,153.012178,abad2d7b0c0465eca3cd77cfe15c7336b5e9a57f634f85652134e7d2b0f058e4,1237643,room
JH-5-181,John Hines (Building 62),5,room,536 - ELECTRICAL RISER / DB,-27.498810,153.012148,aa4e3edff7ebff0fadc057a1a3fae5aac115e74116fc70a7131ba37de1b27e8a,1237656,room
JH-5-182,John Hines (Building 62),5,room,537 - MECHANICAL RISER,-27.498824,153.012149,9bfba4129572d18228aef39dd524deef1eb39dbb87f866ae8539d740f8862427,1237659,room
JH-5-183,John Hines (Building 62),5,corridor,593 - Circulation Space,-27.498845,153.012313,9c1ced6ab255ac5510f8d723c3635dac5b823125f4e7ab299331c4a7114c676a,1237606,room
JH-5-184,John Hines (Building 62),5,corridor,594 - Circulation Space,-27.498741,153.012026,a44e4b49d741c70f0136d5e5a2bdfc41c8fe6e647ab1d9ca9130e606598a38fc,1237630,room
JH-5-185,John Hines (Building 62),5,corridor,595 - Circulation Space,-27.498761,153.012173,e3695041a40aef5074a524f367db05935dc5b43f544dec6511e74190013011ae,1237654,room
JH-5-186,John Hines (Building 62),5,corridor,596 - Circulation Space,-27.498786,153.012127,135bc7f552cbf8820b6379c3605d6b8d3e17cebeab27956fa5927087e96212a0,1237624,room
JH-5-187,John Hines (Building 62),5,corridor,597 - Circulation Space,-27.498854,153.012107,69a6d20dc7e933b8370f0f4f7cd299fe0083e520e47f8e800a9aeabed02af647,1237610,room
JH-5-188,John Hines (Building 62),5,stairs,598 - Stairs,-27.498688,153.011845,4a1898b2e567bd0792bd5e062e76b8a5749ddb1b6618d8830247b077d86e3877,1237607,stairs
JH-5-189,John Hines (Building 62),5,stairs,599 - Stairs,-27.498866,153.012157,a8b74e79136ec787bec5358b5e174429ed66aeeb26e155be0f0d61dbc52d66cd,1237649,stairs
JH-6-190,John Hines (Building 62),6,room,Graduate School,-27.498802,153.012131,57018c7aa152b8d0ac3ad539a1061b23595a9799b2889fcc2ccd814deb3d4dfd,1237710,room
JH-6-191,John Hines (Building 62),6,room,601 - Kitchenette/Tea Room,-27.498878,153.012112,12078df17c762322b2abfaeca577f56caac84b92824d559154fc19d90cdccde5,1237726,room
JH-6-192,John Hines (Building 62),6,room,602 - OTHER COVERED AREA,-27.498898,153.012160,88d969be4b61e6902626f8fe4bd0b8cfc7e696fbf8f8c58c9be900c50a75c6a9,1237725,room
JH-6-193,John Hines (Building 62),6,toilet,603 - Toilet/Amenities-All Gender Accessible,-27.498864,153.012084,36567d265bdc43ae5b2b8893d7dd965c2a35749a572bac943d35aa48750c1789,1237717,room
JH-6-194,John Hines (Building 62),6,toilet,604 - Toilet/Amenities-Male,-27.498850,153.012057,213780783dda0d530d0ce163a11f124e887d24c47a701155f9da206c593c6d94,1237712,room
JH-6-195,John Hines (Building 62),6,toilet,605 - Toilet/Amenities-Female,-27.498834,153.012030,5a8217df4a8fae95c5a3fb7ff344674048de288335b97229907ffafb87653704,1237714,room
JH-6-196,John Hines (Building 62),6,room,606 - Plant Room-Mechanical,-27.498799,153.012068,4aea0a994ebf241dd068c72a0848b1649f7a74d5c9420b85604a2d2929818b52,1237715,room
JH-6-197,John Hines (Building 62),6,room,607 - ELECTRICAL RISER / DB,-27.498809,153.012119,ca257a9637e0aa5b1259c0a2297a398ae6d0ee64e708f46dbee8d098ea0ac198,1237707,room
JH-6-198,John Hines (Building 62),6,room,608 - Office-Professional/General Staff,-27.498770,153.012015,78d8705a1750f1660ab8d1c46af1784ca2eab6852893863d0a8ba4453a694278,1237718,room
JH-6-199,John Hines (Building 62),6,room,609 - Open Plan-Professional/General Staff,-27.498751,153.011973,42b89cc361f5fd59c857a4f3fb5ff138c01049e2f9a50a72dd5693861805c951,1237724,room
JH-6-200,John Hines (Building 62),6,room,610 - Resource Room,-27.498720,153.011950,b67983691052709fac7e94bac42a7e64370db6a4ccfb90a5cbf7394d9d980723,1237701,room
JH-6-201,John Hines (Building 62),6,room,611 - Open Plan-Professional/General Staff,-27.498730,153.011914,1bd2a9eb8a6802764b6b5f678d78942318d8ba8b4f9a5977189cb151597a4d95,1237699,room
JH-6-202,John Hines (Building 62),6,room,612 - Open Plan-Professional/General Staff,-27.498716,153.011874,610a8ff4e0b8f8efd5d4039e41c529456d1b1108e937e94f9d4fa3f1858ea213,1237728,room
JH-6-203,John Hines (Building 62),6,room,613 - Plant Room-Mechanical,-27.498646,153.011906,5d5d2ffa3f69090107d25f77b65ef7345cb59086a7f4e086e83241da0d7a7fe6,1237704,room
JH-6-204,John Hines (Building 62),6,room,614 - Open Plan-Professional/General Staff,-27.498660,153.011949,7c85c6f391938839184cfe872d9fd350ff666782fdcc160decefdfdff1292657,1237727,room
JH-6-205,John Hines (Building 62),6,room,615 - Open Plan-Professional/General Staff,-27.498677,153.011995,81ad2359a9dd0aa9b107998b430f4a202c671c3af7bbe8de79ff0a98cfdddc19,1237700,room
JH-6-206,John Hines (Building 62),6,room,617 - Open Plan-Professional/General Staff,-27.498696,153.012041,dbd88a97f26ee0d2a0d554dc3f3efd68aa823bad523fb1cafd62ac4449bf7ff2,1237711,room
JH-6-207,John Hines (Building 62),6,room,618 - Open Plan-Professional/General Staff,-27.498747,153.012167,d4f9d7e16d83782b1390eabd4b3e089723702f351ffbdc04e0d01708317f6419,1237713,room
JH-6-208,John Hines (Building 62),6,room,619 - Meeting/Board/Conference Room,-27.498794,153.012318,7dcdb9bd1d5e82f4cfd45f6f582a12c574205920419def7cebdee38a6007cb39,1237722,room
JH-6-209,John Hines (Building 62),6,room,620 - General Common Room,-27.498814,153.012374,db71e306404d8b831e2d2686548e65cf47e2dc3eb8c60167084e1bbf8b752f80,1237716,room
JH-6-210,John Hines (Building 62),6,room,621 - OTHER COVERED AREA,-27.498833,153.012410,a2c56e35f5608f6ade7479fb70fbaa8588fa4fc71b9dec74096e502d5931bb5c,1237729,room
JH-6-211,John Hines (Building 62),6,room,622 - Plant Room-Mechanical,-27.498899,153.012368,03bd86b46bce1350ef5f6382e8abd0436135538dfe21f04ee33383f7e0e76e3a,1237703,room
JH-6-212,John Hines (Building 62),6,room,623 - Office-Academic Staff,-27.498878,153.012316,archibus_0100626623,1237706,room
JH-6-213,John Hines (Building 62),6,room,624 - Reception Desk,-27.498843,153.012288,358c7d4b62c0ded9a79c646aa35025a49c0d6c12d4ff2d3e06b9668b3d95263a,1237720,room
JH-6-214,John Hines (Building 62),6,room,625 - Office-Professional/General Staff,-27.498869,153.012266,ca05a0eaad52e9129d9a593c43f96651937ed6ce0b158732891e7067c98199a7,1237705,room
JH-6-215,John Hines (Building 62),6,room,626 - Office-Professional/General Staff,-27.498847,153.012226,8729850e30b0429dab63e763dc10b8c497d8c7de5c80890ed289f47a1cc936b8,1237719,room
JH-6-216,John Hines (Building 62),6,room,627 - Meeting/Board/Conference Room,-27.498836,153.012186,archibus_0100626627,1237721,room
JH-6-217,John Hines (Building 62),6,room,628 - COMMS STRUC CABLING SYSTEM ROOM,-27.498824,153.012154,65908bec55baaccf1539b7280a6af46d9881c22516293dd2ac3b0125943793b7,1237709,room
JH-6-218,John Hines (Building 62),6,corridor,695 - Circulation Space,-27.498838,153.012316,f1f130ffac19e52ab3b97a6cf150b30a484c37f7efbd64a0bbdc7f9ef9bc0ed4,1237702,room
JH-6-219,John Hines (Building 62),6,corridor,696 - Circulation Space,-27.498706,153.011961,1f64375be796e7e4f7862b96cdfe595bd3363539ac912b3089895fb3de199f41,1237698,room
JH-6-220,John Hines (Building 62),6,stairs,698 - Stairs,-27.498688,153.011844,8e0810d8a2c7c2c1892c8bd0e388ced94ccb93ff61d641e3094c5b172dc5d86e,1237723,stairs
JH-6-221,John Hines (Building 62),6,stairs,699 - Stairs,-27.498865,153.012155,300246c02d72fa6d228238ff063a9b5dccbc005ee77867489b59f8f9929d49d9,1237730,stairs
