"id","building","floor","type","label","lat","lng","uq_maps_identifier"
"1192699","69","1","room","191 - OTHER COVERED AREA","-27.4990005973613","153.01273907088665","256877e360921dd3d653950ea723579fa30b0e7d2d1b28773e08de6a79d028fb"
"1192700","69","1","room","108 - Switch Room","-27.49894948062451","153.0125969325947","a93d5658660ce0b6942cfd01657d31b6db913ea6134342c88ed0d882f85239ef"
"1192701","69","1","room","107 - Plant Room-Mechanical","-27.499002495177123","153.0125884126449","865d1be1ac276043aec963ac6389e54c3c3507cbcf79581d243ee6d56c8a1301"
"1192702","69","1","room","109 - Plant Room-Mechanical","-27.498938591567608","153.01263438250783","f3781002837304c0ebfa0573344319f2f41b5a7e2bd3acc7aa59b9551e1b1d3b"
"1192703","69","1","General Teaching Room","110 - Seminar/Tutorial/Class Room (70 or more seats)","-27.498881789826065","153.0126902113079","315f319ba8fc2d6f58835f4a62ebf3879c50c38d94b097d3bab4649d3bacec6a"
"1192704","69","1","Bicycle Storage Rooms","105 - Bicycle Storage","-27.49909469707976","153.01256315063503","3d59f543fab43a605c2eb7f8d46f951a4d1c6aafae3e2897ddf3be29fcf4e852"
"1192705","69","1","room","111 - Plant Room-Mechanical","-27.4990485641142","153.01270221448345","7b482a71fd1373d3c647e208f88bab42d127d8e41efee004b17a4373633ed48e"
"1192706","69","1","room","106 - Sub-Station","-27.499057323057073","153.01252218435127","d6e5ad94109fb23d6f52b513bceb5a5969441d0edb368e7bb45eed328bc58730"
"1192707","69","2","Office","207B - Office-Professional/General Staff","-27.498856832930294","153.01274990085847","9284e691d629a515a381a9725548fbcba5bc3db9a15f0f09e4e3722fac22003f"
"1192708","69","2","room","290 - OTHER COVERED AREA","-27.498920820484766","153.0125286163564","322cc32db884de9d10b241ed5f52fd445c3fcbdadf6d1c3133611e07008f3a7f"
"1192709","69","2","Computer Lab - Teaching","209 - Computing Lab-Teaching","-27.49908258905132","153.01255110637612","cef19b3071820254915536521c96e719384a3ac4db8dae887331e5102f45ec91"
"1192710","69","2","room","295 - Circulation Space","-27.49896417053977","153.01258670754308","e70239345692cdc222d5faa371f93eea1c701f5dda4ba831de398570803d45f4"
"1192711","69","2","room","294 - Circulation Space","-27.49899275954552","153.0127314151095","eabf6b864361251b569de4af2ed6d7c4dfd2b181f04a9e544ee36e017fbbeea4"
"1192712","69","2","stairs","297 - Stairs","-27.498981743173903","153.01254876038405","6eac19ab79fddd956b84b705d91e25b112594dcd1a801941c427db900723d8e4"
"1192713","69","2","Kitchenette","207C - Kitchenette/Tea Room","-27.498940251738826","153.01271261408527","bf5c3cb8128cd45fe6ff6e7865c6db4346592950e04cc0129252a6f2b1e320c4"
"1192714","69","2","Hand Sanitiser","296 - Circulation Space / Hand Sanitiser","-27.498880144248457","153.01247415547218","531875b499ce3bd06172152d4a9336765aa28035ba582b016b8938b468477d62"
"1192715","69","2","Computer Lab - Teaching","208 - Computing Lab-Teaching","-27.49904398817132","153.01270678828908","5418ed5e58f4662b8f0bbddbb8d9ee087a9a7dcef071662b5c894fa00d80f796"
"1192716","69","2","stairs","298 - Stairs","-27.498909283101774","153.01241864525198","0a689e1bdcd00b2384658c918c5f2c9b8bef258b7d0fe1ac3dde52b5113a2bcf"
"1192717","69","2","room","211 - ELECTRICAL RISER / DB","-27.49900886392718","153.01259256707613","e40e69f40ee576c3abcee4cc8536aac25262b29da2076af87e0cb84d64531d6d"
"1192718","69","2","Meeting Room","206B - Meeting/Board/Conference Room","-27.49883464795556","153.0126891651509","e01019ab5788ed5d57784493a2193ccc5f4a4c3f5101e15d89e55ed09caba180"
"1192719","69","2","room","225 - Mail Sorting/Goods Receipt/Despatch","-27.49893195446809","153.0124512611068","23a030471725f9833ba94e130cf980118df5fb32cafa52549f859651e437db86"
"1192720","69","2","room","210 - Plant Room-Mechanical","-27.498986919981036","153.01261778668874","e80aa9be188911a1113b548f8e72ea80d42bf50b128d5db915a71f5b71697842"
"1192721","69","2","elevator","299 - Lift","-27.4988539459263","153.01244038783338","d4add718964661087f765cf75d906a26095acb2a9aa96af2d94573a91476c8cc"
"1192722","69","2","Office","207A - Office-Professional/General Staff","-27.498844649988666","153.01271654784975","f64dc7435482dc1c04423db6c4c8699c690ef6dc0e32ce48b4c852a118c1c7c8"
"1192724","69","2","room","212 - COMMS STRUC CABLING SYSTEM ROOM","-27.499017628432508","153.01261118817132","6376d71c7b893705cb850058abc40db0b43ed0d71a2ed00a60cf04d13a3098f3"
"1192725","69","2","Office","207 - Reception Desk","-27.498896811046826","153.01270139687907","4c35a0596552a3ed1b298432e80eba7d15bd4a6087a382d925b291ebb18995db"
"1192726","69","2","room","213 - HYDRAULICS RISER / Water Refill Station","-27.498948237550362","153.0126357450002","94c74f72ffdf6b32c8d075479547c5e044f9ab83a83add3385ef253bbb7607ee"
"1192727","69","2","Meeting Room","206A - Meeting/Board/Conference Room","-27.498825322671458","153.01266363582698","c54d0cc480c8cacf81dc5dbc65b7c62423ffcfc1cb5080e0cec0d9f0ded57958"
"1192728","69","2","Office","206 - Waiting Area","-27.498875494879567","153.01264239645644","24e7bc82c416b2fd3ddac3c17c9b74bcef5fc68bde68a6dc9cad9e665dcce7c1"
"1192729","69","3","Computers - Open Access","316 - Computing Lab-Teaching / Computers - Open Access","-27.49908274973414","153.01255090786736","040ef0396235a4a7146ea0270cf843799d28606460eed6b6d4b12d772e1637a6"
"1192730","69","3","Computers - Open Access","315 - Computing Lab-Teaching / Computers - Open Access","-27.49904407602934","153.0127066943468","91b78f43789c2f521399b75ea00e79d687d862f01cdc077c734717396c8ba993"
"1192731","69","3","room","330A - ELECTRICAL RISER / DB","-27.49900917829345","153.01259236497503","01551f1cc51de790098a9bbcca59c73264f2df56df9470b0102363af6081f961"
"1192732","69","3","room","330 - Plant Room-Mechanical","-27.498986978105616","153.012617696178","dbfba4957270c856971b385d5137caf1cf27708a47c0871bf50428fb3e5b1340"
"1192733","69","3","room","321A - HYDRAULICS RISER","-27.498950100922478","153.0126348164122","690e0f90be25fc6f10a85482510cb44dd3abf4d23a1c6002929c276496d62ad9"
"1192734","69","3","elevator","399 - Lift","-27.498853885547813","153.01244015279676","d4659e061f040aef5a0bd783aea093e05cbe487df14332afebce7f0194cf44f9"
"1192735","69","3","Computers - Open Access","304 - Computing Lab-Teaching / Computers - Open Access","-27.49892433202685","153.01252887182596","ee019b8010772aaf98dc83fd1b654b78fa965eff3e4cf63307cfe099030bcd7a"
"1192736","69","3","room","330B - COMMS STRUC CABLING SYSTEM ROOM","-27.49901768094817","153.0126111388088","80aa17742ca46c1da3bb9a196dddc31e6eef9273ec545d7ef6fe1072a3a4d6b3"
"1192737","69","3","room","395 - Circulation Space","-27.498984519508518","153.0126501234886","5bc2227af450598ed9f3b3f69cb480d7813248a36f5d3b976bb0c4906be7b093"
"1192738","69","3","room","331 - Plant Room-Mechanical","-27.49893425672509","153.01240658340419","a4268811f2aa4615e1886cddc2e5056b7ced3af821c54b0448fe42c706ae41b8"
"1192739","69","3","stairs","398 - Stairs","-27.498898868190608","153.0124234210088","8e0690e69dd0ef11885f0ccf729ad9619763413b9a5e6dd3abdcd4c6791a07a5"
"1192740","69","3","Computers - Open Access","305 - Computing Lab-Teaching / Computers - Open Access","-27.498881652432075","153.01269027780617","fe631fa69ff0b2753faea6df8fd773b79efd47bcc8839bec6f4364c61cf8c843"
"1192741","69","3","stairs","397 - Stairs","-27.498982792573315","153.01255138717787","33698f3f4b333f0a3f2b989aaa672c332fbabdc635567658310559c7f82b8bd6"
"1192742","69","3","room","322 - FIRE RISER","-27.498955329802808","153.012649130782","a33142438adf3b394d50cfdf2506b265175c11bdf4112af8cdd1a4a970e9105b"
"1192743","69","3","room","396 - Circulation Space","-27.498875377722182","153.01246675661014","5d6c280da6efb3b431502475017f49b94b553f7bbcd8e687c4747bf2b4ebc8df"
"1192744","69","4","General Teaching Room","407 - Case Based Learning Teaching room","-27.49904444509734","153.01252997729011","06b06119c01b811a6d8d35fd0a22669e16b8ab07e7a34d9e7d321ddd98a22414"
"1192745","69","4","room","419 - Plant Room-Mechanical","-27.498986978884","153.01261775195582","6d91fada00b60166be84f8a143000868f793166af3875871aaa4d3c68af88ed1"
"1192746","69","4","Office","414 - Reception Desk","-27.498901045996703","153.01264626358054","45cf668f71dec6017651576e3bb4a25c5048b5a1093a1fd918c494c72275effc"
"1192747","69","4","room","420B - HYDRAULICS RISER","-27.49895005679405","153.0126349471902","a2ec4f94349f299d3ae03ed41489bf119ce601185c1ab5cd88d33351e60412e5"
"1192748","69","4","room","496 - Circulation Space","-27.498875208006407","153.01246656275282","382ff6690eca739ce370301d523fac95d18a4a7b7eba03bf72905c6edf71aa98"
"1192749","69","4","General Teaching Room","406 - Case Based Learning Teaching room","-27.49909843741083","153.01250836576645","61c0cfd900d3f0271401399efa384a1f562cc3c7626126607565c44b867c29ee"
"1192750","69","4","Study Spots - Common","408 - Study Spot - Common","-27.498954953352257","153.0125192601931","cc1635264b5540577b1aecce5900a58f8e7c8c3f2201351555ddbe3f2a0a7614"
"1192751","69","4","General Teaching Room","405 - Case Based Learning Teaching room","-27.4991205650363","153.0125689513988","57a858a7f902be633324e14106b508fae29b38416754740b14e2375133598c16"
"1192752","69","4","stairs","498 - Stairs","-27.49889874382419","153.01242340403246","a929be18c3d248be0d0a7736cd9365a80943f3eb958b9ad10a4c1fa499c16250"
"1192753","69","4","room","420 - ELECTRICAL RISER / DB","-27.499008936256416","153.01259253634518","97dd815b9b49e4d1d193665b2beb5de92881b7d4549dad3b72ea3b5fdc5ce07b"
"1192754","69","4","room","492 - Circulation Space","-27.498992863392274","153.01273237780683","c8f13f45753c486cc44f361a945d0a248d93cab127d307fb73ccd779f2a86a65"
"1192755","69","4","Office","415 - Office-Academic Staff","-27.49884756757199","153.01265793237152","46fc346b2122cff5e9d23953a031721372ac1d0d388369af1cfce0d8d437bf1d"
"1192756","69","4","Defibrillator","494 - Circulation Space","-27.498985599073922","153.01265392697047","5e7dcab46efaa74259bee0e75843adf470b9894bf466d548f95d3c6f2597266e"
"1192757","69","4","Office","418 - Office-Academic Staff","-27.498915885009144","153.01272245975267","9aa9f76bea27f443cf70f88d19fe2c7cb98c34b90c6306b9d4fb90ca41ca8b2e"
"1192758","69","4","Office","413 - Staff Common Room","-27.49888000322739","153.01269360141953","archibus_0100694413"
"1192759","69","4","Office","417 - Office-Academic Staff","-27.498863715469916","153.01274668261874","34ae40fff0e60f3bcdf02975db7563930d2ce1d4b486bbcf150971d0e20adaa1"
"1192760","69","4","room","420A - COMMS STRUC CABLING SYSTEM ROOM","-27.499017640259375","153.01261125561325","dbda12bd807c0c6c229423ffabf392b41a7936974813f961a1891978a387bbda"
"1192761","69","4","room","426 - Plant Room-Mechanical","-27.498934311983092","153.01240688935795","7c04e9fc478b299c6f5dc6794023f08ece7319278747977f92e6ef98f182870d"
"1192762","69","4","Office","416 - Office-Academic Staff","-27.49884180499288","153.01270883544095","e1bf73094ca48014357a443e1bc8029477fe1c251a1964f59b24d887c9b69e97"
"1192763","69","4","elevator","499 - Lift","-27.498853913007633","153.0124402711879","34a28dbd8ad98f6e1a0460b89860cec4406f472970cb8803a809f141d2c10a47"
"1192764","69","4","General Teaching Room","401 - Collaborative Flat Floor Classroom","-27.499044442135567","153.0127071833742","461d4f2677bf6a38556b77bddd4a10fe120c89857f3082be70a086d2d3d23caa"
"1192765","69","4","General Teaching Room","404 - Case Based Learning Teaching room","-27.4990687773615","153.01259652398193","d5c148af65f4a5bb920d18d835779103bd8b50a553dd3628796ad54e0f1b18a6"
"1192766","69","4","Office","412 - Waiting Area","-27.498922945546774","153.0126618426606","a4c244e305ed1677edc9d89dfd15af2f58cbffbd5d16bebdf132bbcab2a9ebd3"
"1192767","69","4","room","493 - Circulation Space","-27.49906304896032","153.01256015059246","782aba0a8b840323d091cb71249daa2546c7d85ee3018fddf9bc5fcdb655c080"
"1192768","69","4","Study Spots - Common","410 - Study Spot - Common / Printer (Student Access)","-27.49889607176333","153.01254545259644","a4ec1ed9cd69a01469c75ea4285b298e30288b880bf5b2c5d378662d5772e9e7"
"1192769","69","4","room","495 - Circulation Space","-27.498921625001227","153.01253313726716","2c016c4698984463065b62e0e095c3a1a0ca623cc29858cfd050073186ea9819"
"1192770","69","5","room","519 - Plant Room-Mechanical","-27.498987012743225","153.01261771881997","bc19e1640b6159ad5a775479f955291d76058e8c9ca6fd0cbc79f7244344889b"
"1192771","69","5","elevator","599 - Lift","-27.49885073098197","153.01244145101865","318fed20fa04a726602e5498b37c74ae136d7fe521c920b58ec06ecfcd256782"
"1192772","69","5","stairs","598 - Stairs","-27.498898861347634","153.01242323471055","270ffcbeaaec2f5e007cfee42751f9f839cb6419a5bd31ed23ac7d0f572e082d"
"1192773","69","5","General Teaching Room","511 - Case Based Learning Teaching room","-27.49894444970299","153.0124892516352","a29eedac45752803f033a35b19eba7c978c706935764a543a9fd415d80a515eb"
"1192774","69","5","General Teaching Room","507 - Case Based Learning Teaching room","-27.499120682343413","153.01256896308064","d111c17c741ed6f77ff9fc43063c3939cc64d0be5a24c8479cbb8b93ef5d8ced"
"1192775","69","5","Computer Lab - Teaching","520 - Computing Lab-Teaching","-27.49888168273048","153.01269006636625","98810ab60c47b54e57317eabc1b341e897e496f57e6c05a56c0b4c6ff9ea37ae"
"1192776","69","5","room","595 - Circulation Space","-27.498982043155834","153.01265495171657","b4af5a6bd71f91fc4e2f8c9b17b0e551c3858ff089ae25b2a8357e13ac15995f"
"1192777","69","5","General Teaching Room","510 - Case Based Learning Teaching room","-27.49896593000048","153.01254805021924","83a626a818a20c483ff37e7e041bf583c890c50b9201687a34c6e8439fcd6d9a"
"1192778","69","5","room","594 - Circulation Space","-27.499063161408582","153.0125601468143","37247acdca0664347dcf3f2ab635fe5050cf2aa1b1abb754f2ee7426000041b2"
"1192779","69","5","room","592 - Circulation Space","-27.49903571057349","153.01268924394782","9e1a9a06c56c94f0ef9b37d80606a3b3d20eb06927a99441303922290a9f4d44"
"1192780","69","5","room","530 - Plant Room-Mechanical","-27.498934424608354","153.0124067653916","e1d98e89df07c4f10f66f71eb66e853a0cc13c10da5239f4f3e26bda2708201b"
"1192781","69","5","General Teaching Room","506 - Case Based Learning Teaching room","-27.499068854321568","153.01259649265162","c51feed12d91539c076cd940dc520580be166e98785d4e80809f1d11b026093d"
"1192782","69","5","room","593 - Circulation Space","-27.49899280908314","153.0127314290549","1832d40f6b1398eaa32a914b7ac04695f2bec784d13cd63181c750f4639a8ef5"
"1192783","69","5","General Teaching Room","513 - Case Based Learning Teaching room","-27.498906512882463","153.01257476737163","859f4ba4b9b39478f067e36d8ce1b09777539ae1cbf9a7a8ddf5342548f8de3f"
"1192784","69","5","Office","501 - Hot Desk","-27.49903999780277","153.01275649835227","a81f8c4ef59b5a75e816d3ccd9f3a1b31aede56a7c7cf1e0bf1daa81093dd9be"
"1192785","69","5","General Teaching Room","509 - Case Based Learning Teaching room","-27.499044489620964","153.01252979845364","78b3ca5ef0f532ecde51de567b7cfc57a8257aca509a15138d9af594c5d21de2"
"1192786","69","5","room","519C - HYDRAULICS RISER","-27.49895011912843","153.01263480071268","9a706e35e68f8cd07467721a9c565b068cae4f3f2cd3d1b55f8d08a855da151d"
"1192787","69","5","Office","502 - Hot Desk","-27.499020866153938","153.0127264329095","d6524637b016481ba59251d610ca1fb0fee534c42e2c5bff72b7623b21446a7b"
"1192788","69","5","room","596 - Circulation Space","-27.49891729877133","153.01252074157915","092307005dcde713e9ff2372761b80047d6a0cf209d87200066176061bbe8883"
"1192789","69","5","General Teaching Room","504 - Case Based Learning Teaching room","-27.499079170954705","153.01272455742932","828c8eba4874c82449b62b18346202dcc6fae52e54d4f53ca3f1b89d2748d566"
"1192790","69","5","General Teaching Room","508 - Case Based Learning Teaching room","-27.499098493103684","153.01250821610822","8853622b7e3fd92cbd1bd88fc05e82ae6ec2bd4c308cc6bcd4ce76503bfbd5f3"
"1192791","69","5","Meeting Room","503 - Meeting/Board/Conference Room","-27.499005850120056","153.012685329103","f4574dd724edd0edc52416546fc94155815654900e7dd2cf4166e16db38d34f8"
"1192792","69","5","General Teaching Room","505 - Case Based Learning Teaching room","-27.499057962490994","153.01266650288332","dd8cc0ba5f9b8822c0983bcc18b0baf9d8d68a8971b47e4de2aca54d4ff85c9e"
"1192793","69","5","room","519B - COMMS STRUC CABLING SYSTEM ROOM","-27.499018190795518","153.01261088393483","81b44bf9541615e4d168115a7c1686cd747e9e0154f478abdbf4320bff121e5f"
"1192794","69","5","General Teaching Room","512 - Case Based Learning Teaching room","-27.498885304385503","153.01251671282577","c1b36d05c0be93313f4e8913993bae923ed2dc4481e0847bc3eb6270c8483a8f"
"1003218328","69","5","room","519A - ELECTRICAL RISER / DB","-27.49900898158724","153.01259248776302","241a46f4c594118a186da44af4608b35a9f9eef9cb2a77a3634fa91759048d83"
"1192653","69","6","room","626C - HYDRAULICS RISER","-27.498950166171674","153.01263494330908","a04465a77ff457f611a1ee46cc97be6d2f8f1ef1d26bdf04f8e4e1d443da9845"
"1192655","69","6","Office","616 - Office-Academic Staff","-27.498886641193437","153.0125320250861","57c13511907eda43330dcafe74acc80f978856a68e16df7ae2c60515b109eb03"
"1192656","69","6","Meeting Room","602 - Meeting/Board/Conference Room / Non Report","-27.49901163337934","153.01271236656208","archibus_0100696602"
"1192657","69","6","Office","609 - Open Plan-Professional/General Staff","-27.499106872820352","153.01258337245537","245176c0ab988955d0bf46afa36b19805a9e7ff5befd534020a67072d2a1a91a"
"1192659","69","6","Office","612 - Open Plan-Research Staff / Open Plan-Professional/General Staff","-27.49897329548082","153.01255194592667","archibus_0100696612"
"1192660","69","6","Office","617 - Office-Research Staff","-27.498898176581516","153.01256341787928","cd51357579554d2893bbcfd815114cd0b37a3b799a57d476b6ae07c64ea356ab"
"1192661","69","6","Office","624 - Office-Professional/General Staff","-27.498901862116476","153.0127308526677","dac7532a21822c9dbf31863d82706f69f376258c87e9e16888b3d635763deb4a"
"1192662","69","6","room","626 - Plant Room-Mechanical","-27.49898713592646","153.01261769058402","ce610f38dd47b80d0e4c3766df159b47299d55c03a425bdbcc59755ff602bc89"
"1192663","69","6","room","626A - ELECTRICAL RISER / DB","-27.49900935586296","153.01259233544457","527b922a0f5a219a2fa5876ea10e32254c901f3a72cfc52eeb04836a2cb4c517"
"1192664","69","6","stairs","698 - Stairs","-27.498898802332963","153.01242308773905","9d266ea6f00a6a3f06e687d784fa156322f168efdcbff7c384d272e126cab0d1"
"1192665","69","6","Office","610 - Office-Professional/General Staff","-27.499136677002642","153.0125696042873","52df8dcdfe302c590f0b2b3f4d7ecd0df3ecdd0dbc6f9e3678eb545a7a3d446e"
"1192668","69","6","Office","611 - Open Plan-Professional/General Staff","-27.49907555239655","153.01252883938332","6e2f7da0d2f8121f77a24e5933d054a1c0c0697f972bc5564e9708869d3da9c8"
"1192669","69","6","Office","618 - Office-Academic Staff","-27.49891208669995","153.01259051273982","archibus_0100696618"
"1192670","69","6","Office","606 - Office-Professional/General Staff","-27.499059270110703","153.012653288361","f553cd8c966722e13a6e531417bad328a12ab09c13adc3614b685cf981498c51"
"1192671","69","6","Office","613 - Open Plan-Honours/Postgraduate Students","-27.498957398719877","153.01251294678914","322d608f16c6481534ea0a33ae561ffdaeffcc4d36aceb3ea9efa30f23315d34"
"1192672","69","6","Meeting Room","608 - Meeting/Board/Conference Room / Non Report","-27.499068061013347","153.01260156509153","archibus_0100696608"
"1192673","69","6","elevator","699 - Lift","-27.498850751110208","153.01244144248477","5794f518906708d69e671246ac6b43ade017e16fdc57ab74ee03e98f6d5c5f14"
"1192674","69","6","Office","621 - Open Plan-Professional/General Staff","-27.498861171028896","153.0126835673454","9e308158f86881a5e0a138f41592d89687e208035a58775e7a0d84b7af210f8f"
"1192675","69","6","room","626B - COMMS STRUC CABLING SYSTEM ROOM","-27.499017685342668","153.01261135298452","6419f5d68c18d98e549959ae07d83020e38480689dffb6256a809b81856c55f5"
"1192676","69","6","room","630 - Plant Room-Mechanical","-27.49893440901661","153.01240655719008","be6cdf95e60ff42cb5cf1aae58ecc8968f54d72e5223062ff2d099154e5d36e9"
"1192677","69","6","room","603 - Resource Room / Circulation Space / Non Report","-27.499036608914615","153.01268318720486","archibus_0100696603"
"1192678","69","6","Office","625 - Office-Academic Staff","-27.498933492456107","153.01271452855252","b400cb17985e03663626bd2836555431d5a220c200cbd78778c6d0b3360208c6"
"1192679","69","6","Office","601 - Staff Common Room / Non Report","-27.499040091845366","153.01274856504133","archibus_0100696601"
"1192687","69","6","Defibrillator","695 - Circulation Space","-27.49895793933886","153.01268828688583","31abaee33b1fe661b0cc1515a4761feedd2c7de89d4c84b9c804d921c5a37643"
"1192688","69","6","Office","623 - Office-Professional/General Staff","-27.49886294574229","153.01274870385095","archibus_0100696623"
"1192691","69","6","room","696 - Circulation Space","-27.498875515339975","153.01246620660825","68db5b0e3198f673dcf31cc58bf4374b7d7f05f89688db70ab97c30231a258dc"
"1192693","69","6","Office","614 - Office-Research Staff","-27.49894374947124","153.0124755895628","d1fe9103a92c0f77ec135efca8fe5e5c4dc17f09f80ffdac438adb60a0152551"
"1192695","69","6","Office","604 - Office-Professional/General Staff","-27.499078606505652","153.0127111482562","archibus_0100696604"
"1192697","69","6","Meeting Room","619 - Meeting/Board/Conference Room","-27.498906096330394","153.01264417996714","0fb9733a1a6d8a664ffeff590614a7d4a4f77940b7d872f649ba549aab2ea0a3"
"1192698","69","6","Office","607 - Hot Desk","-27.49900200714735","153.01267800700185","3f33f68442eb58887f1ebfd68b93efc04baf7827907a633065633cb0b18ca5a7"
"1003219184","69","6","stairs","697 - Stairs","-27.498978435271905","153.01275688154456","a812e8892d0798cae7b3cc96c517dd7a7beb7cdc809b36ca863fcdc1fbcacb45"
"1003219185","69","6","Office","615 - Office-Academic Staff","-27.498879462935648","153.01250086563587","f76f75dd9bb8d00094e5265193ac60cdec2d49ededfd7280e6a0988aef62c9b8"
"1003219186","69","6","room","693 - Circulation Space","-27.499013134625645","153.0125709476537","607ab740ec44a9f59dfb95b2d666452b0db1cb7d7f8448a3780daf6e8106ee7d"
"1192614","69","7","Office","723 - Office-Academic Staff","-27.498910692653343","153.01272525205457","f08914818bbdbcdbe67972e4e7c69b6192d0aa0af5871d7d9e441876bca8bde3"
"1192616","69","7","Office","717 - Office-Academic Staff","-27.49889813343959","153.0125635789529","101649725227f39a41ce2d5338220cbffc7306148e7672990850356796d57336"
"1192617","69","7","room","730 - Plant Room-Mechanical","-27.498934356813866","153.01240675399936","c0f472f71baadba670d16b26c912991c337ecf19ccc90281417da5ac9440cb19"
"1192618","69","7","room","719 - Resource Room","-27.49891657606328","153.01263038168335","d6929ec2c3d96955d43e46dddec9586659ebe7f42313f59a368932121380a3e8"
"1192619","69","7","Office","701 - Office-Academic Staff","-27.49908510731919","153.01274039721622","b3c8692058f47683c4e884d64509f9f03aa27cfa7829addcf1e857346513aa89"
"1192620","69","7","Office","724 - Office-Academic Staff","-27.498935462814806","153.01270901564465","e9bdb0b17de6047ebf03d2043e23dd208c99fe88e795b75033500b02f2a37609"
"1192621","69","7","Office","713 - Open Plan-Research Staff","-27.498957194747607","153.01251304497742","archibus_0100697713"
"1192622","69","7","Office","718 - Office-Academic Staff","-27.49891212211361","153.01259064813092","17281c3c80de5a74aa70ea2432438b5a5213bb7bbda766d3c2eb13e5c74b18be"
"1192623","69","7","room","795 - Circulation Space","-27.49898978609423","153.0125799138924","55d71b5d88d059f7baa02a06831bd26de6e34b032cb084716fb6a3e2ff62eab2"
"1192624","69","7","room","720 - General Common Room","-27.498866007439783","153.0126630450468","e1c9558d21812802474fe67ed3026dc424642e5ee06367d64e313e1417ff321e"
"1192625","69","7","Office","726 - Open Plan-Academic Staff","-27.49900731711054","153.01268933628464","archibus_0100697726"
"1192626","69","7","Office","708 - Office-Academic Staff","-27.499109346149393","153.0124952138485","d2c17c647f6911339dd0629b88aca96d43ac788dcf3e94cd315dda6f4ecf8494"
"1192627","69","7","Office","711 - Office-Academic Staff","-27.49902908962324","153.01253249983574","6ebad98a2461752939ef49f83dca7cb8b0f34c141d5fb040c6e40dc279fc06a3"
"1192628","69","7","Office","702 - Office-Academic Staff","-27.499077844669117","153.01270931923784","archibus_0100697702"
"1192629","69","7","Office","714 - Open Plan-Honours/Postgraduate Students","-27.49894356959196","153.01247575756304","1884cc51b7ccb6ffcd89d03691a0e6b70ee5ff6236204fbd16a81a956df6ff62"
"1192630","69","7","room","728B - ELECTRICAL RISER / DB","-27.499008796686972","153.0125926233535","3cd85a971fe58818e733887d11fa119db4f9bd87ef739475e7a7a341cc02493f"
"1192631","69","7","Office","710 - Office-Academic Staff","-27.49905384993205","153.0125163847554","23e9982ac987c961abc335259eb7db3ab175d5678ccfc5737f7579f0ea14e54b"
"1192632","69","7","stairs","798 - Stairs","-27.498898755254015","153.01242328199297","9f42d4fd30d36e8d8234361f0c152e7bfc80448ebd0a47ff7f9d9830a7c9b202"
"1192633","69","7","Office","715 - Office-Academic Staff","-27.498879419017264","153.01250104304117","a22f291808958159e1e5649965bdc0bbd7bd4881b1f01b76c9f6ff30ce951af2"
"1192634","69","7","Office","712 - Open Plan-Honours/Postgraduate Students","-27.498971448965506","153.01255228157657","27c819b9789b5ea05182c57e77dba8ebbaf1f09468d02cdd06ccf27c1102bf24"
"1192635","69","7","room","728A - COMMS STRUC CABLING SYSTEM ROOM","-27.499017622487965","153.01261150104807","8b06ad51190eed44add2fcc98baeb4b30c5f4f032c4d15e00c5f7e96bbe3d769"
"1192636","69","7","Office","709 - Office-Academic Staff","-27.499081659068278","153.0125034736848","9267ef855bbebead6de6078aa7a91c265563441efae31e8c5c5244ae3cb9eb03"
"1192637","69","7","Office","705 - Open Plan-Research Staff","-27.49906028856472","153.01259608374716","883f12e9980503fec24c77c6d360a2c7d33000b08d8d7ff1b4ff3b3af71dfabe"
"1192638","69","7","Office","728 - Open Plan-Academic Staff","-27.49902874995865","153.01274823576318","502f198719caae9a0e3b396a2557d0ebe6eb44b0b3945467b5997cb5cfcc030d"
"1192639","69","7","Office","707 - Open Plan-Research Staff","-27.499130269359476","153.01256354308393","archibus_0100697707"
"1192640","69","7","Office","706 - Open Plan-Research Staff / Office-Academic Staff","-27.499097014942194","153.0125789889088","archibus_0100697706"
"1192641","69","7","room","727 - Plant Room-Mechanical","-27.49898707742305","153.0126178382137","8eaea074bd780e780da51e8346ccee500468b100f6f58f8e47e663fe6160ccd7"
"1192642","69","7","Office","721 - Office-Academic Staff","-27.498855219375425","153.01274633292314","69f150eed0e12e1ac3933bcc32494a8436868715b3fa06ddc4d63a5a937a7834"
"1192643","69","7","room","796 - Circulation Space","-27.498875440072556","153.01246643231192","2faba1f1efdeff177d3e11613b2b79096619ae735039fb7f95b14579e4e5c509"
"1192644","69","7","room","794 - Circulation Space","-27.49899146681733","153.0127452448906","0b6988c90d4e7e5ff024210f0c907f71ad25af134cf51e5bd48d240ba6661dba"
"1192645","69","7","Office","716 - Office-Academic Staff","-27.498886600049616","153.0125321938161","845f2d42ff6cd190b50060c888701baecb50d683d3e286fc077a92cd9ffd0c30"
"1192646","69","7","room","793 - Circulation Space","-27.499044490797772","153.01270601476125","74d9a641edd1f6d17a357f80e337b380ea3d6219b17abe20c085461198f9599e"
"1192647","69","7","room","792 - Circulation Space","-27.49907849607671","153.01254108425667","b6a5bd799e6217473f2bbe57356a1a05ea0f48538a3a844a84f5fc2a4b17c6e8"
"1192648","69","7","Office","703 - Office-Academic Staff","-27.4990663767432","153.0126779287609","archibus_0100697703"
"1192649","69","7","Office","704 - Office-Academic Staff","-27.49905233326637","153.01265082316246","0d216b7b3561ef9ce6e1ffb234fb25dc136b3a38e15020a487041efb6deef6a1"
"1192650","69","7","Office","722 - Office-Academic Staff","-27.498882847559486","153.01273817894725","6918406acbb01f37328b338055672d326ea417a7bdbf980da8397c6eb19002ac"
"1192651","69","7","elevator","799 - Lift","-27.49885388226718","153.01244016188903","24144c98e2b813feee81352b0e5a20fa74bfca0c67084cf381305b38bc923621"
"1003220761","69","7","room","728C - HYDRAULICS RISER","-27.49895036295874","153.0126348502358","7d5d034fc0c9136602e4aa77f0396772b8616a75d88e2a10c795cb968fa27201"
"1003220762","69","7","stairs","797 - Stairs","-27.498968536155775","153.01272211830306","27aac9dd71be37610d3747204e134cc1ecd46159688dad78c33ddcfbe522c6ce"
"1003220763","69","7","room","791 - Circulation Space","-27.49892322418373","153.0125331584817","1c99379e847b2153854b7f6b2ca096c78bda6221c182ef86fba8f45313b7e6dc"
"1003220764","69","7","room","728D - FIRE RISER","-27.49895558369534","153.0126491406492","48ab9b82be8325c5c27c70d3dd067cb512a52ac287ac655ac508da1a9da607b2"
"1003220765","69","7","room","790 - Circulation Space","-27.498889758140734","153.01269682584604","024b66cdba91af4e4debc27ab25cc89cbd7893ac252c7780617eaee39cc5465b"
"1192575","69","8","Meeting Room","805 - Meeting/Board/Conference Room","-27.498997363842232","153.0126746527805","98e1d152987d4da9eab87d8dccdc1ab1852e3b463356d012b576a0242515ce78"
"1192577","69","8","Meeting Room","812 - Meeting/Board/Conference Room","-27.498906051381862","153.0126397204018","6f38fa3c2a505e5a29a6d75e3254acbae05a91b01ed13de4c57cb0107e642f14"
"1192578","69","8","room","893 - Circulation Space","-27.498973017955862","153.01267652277184","96536379413b2a69fdb3508e557eecf76c8490cd80d97b57e336f95a5929ce8e"
"1192579","69","8","Office","818 - Office-Professional/General Staff","-27.498904452153965","153.01258044268465","70c5bf48881c0be8aba49c53c066c97eddaeec9d9e29e23479b5e24182e15fdb"
"1192581","69","8","room","806 - Resource Room","-27.49903431704636","153.01268575221206","8fb067940a5906378f943a2a4e81182472a7af3a8f25c0adb94956d11f1f7394"
"1192582","69","8","room","826C - HYDRAULICS RISER","-27.498950416965187","153.01263475561996","d50d7f68721cc3e12174ddd04d04ca2a8d01026449e642d25608265322761e6a"
"1192583","69","8","elevator","899 - Lift","-27.498850791860516","153.01244156892156","6159260f8dae4bb42403c192ea600fe0f36adc704c41794d89f0e5af953a2817"
"1192584","69","8","room","826B - COMMS STRUC CABLING SYSTEM ROOM","-27.499017814428562","153.01261114648509","180efece3d0db7bd61093d2aacc7cd8e1f1cf9faff9d7f594ec99f9926081db9"
"1192585","69","8","Office","807 - Open Plan-Professional/General Staff","-27.49906446553493","153.01267262292748","archibus_0100698807"
"1192586","69","8","Meeting Room","803 - Meeting/Board/Conference Room","-27.499015900011347","153.01272423258243","5bae0c647873f469eca809a0766757c393aa2c5f50392a37c045b8604f2fa22c"
"1192587","69","8","Office","810 - Office-Professional/General Staff","-27.49913314836536","153.0125713106286","a583406e203513d5e0cbcfe40252a46bd0ed66d57ff5c7d5985831249a6362c9"
"1192588","69","8","Meeting Room","801 - Meeting/Board/Conference Room","-27.499028102789925","153.01275760048608","4cff7315e210b191fab04333671bbcdd248a27693d85a07a27da3034ffc78738"
"1192590","69","8","room","896 - Circulation Space","-27.498875669499295","153.01246621540773","d6915e6aaa2d7394dc4f7f30f3b2b4214169c7204940f93e37e499e2bc7d68ec"
"1192591","69","8","room","895 - Circulation Space","-27.498977976462776","153.0125808868122","9af336ce202114fe5a37f81c424dcf42e818dc2fe72751fdd4bb095ef73e9eee"
"1192592","69","8","Office","816 - Open Plan-Professional/General Staff","-27.498961074467303","153.01253424125693","6f226c94a6c6d332a8669b01b61b5c517e9398cc67e113d29ae5f00ea9d70eca"
"1192594","69","8","Office","808 - Office-Professional/General Staff","-27.499065170338305","153.0126029410768","7e62c6a61f6c6a2d45f5f593227d4c53d847caecf35d342e922c32aea6e6caed"
"1192595","69","8","Office","809 - Office-Professional/General Staff","-27.49909990479348","153.01258676345705","21494752f124382e5a059d1b57ddb33b319482aef5d262393d5febe3d3ae5bc5"
"1192596","69","8","Office","819 - Office-Professional/General Staff","-27.49888964644529","153.0125399392876","a009834fba901121749a106e4273953dc602b2b4dabc1601e5ffdbf9ea82fe6d"
"1192597","69","8","stairs","898 - Stairs","-27.498909376884356","153.01241832419683","ce3f2468f69af7ebac5e56b62a84874dd9cf7eb09acc0f51e3e344ec24a379a4"
"1192599","69","8","Meeting Room","802 - Meeting/Board/Conference Room","-27.49907179770555","153.0127373198518","da1383f43d276be8c6b1c1793f351238a87eab78b91060d9d8bf2243c3dfe916"
"1192600","69","8","room","826 - Plant Room-Mechanical","-27.49898703580557","153.0126176931296","e63fd1a8c27e31c4fed38e0dfde3971bddd80e0d3201c679e97e16d1cb0c0e53"
"1192601","69","8","Food & Beverage","817 - Dining Area","-27.498917524001843","153.01249018049276","archibus_0100698817"
"1192603","69","8","room","813 - Circulation Space","-27.4989250044318","153.0125527695493","37321068ab0d8c5b9ec43a0fbf61bd2964953809f55b04d7d4a662bee0605aa4"
"1192604","69","8","Office","815 - Open Plan-Professional/General Staff","-27.498878225345166","153.01269785064926","beb286540ee8e7a8ef9cbb56b4b285dc3557c0c9aa869d44087a44a99cac1bda"
"1192605","69","8","Office","811 - Open Plan-Professional/General Staff","-27.499074980240433","153.01252945074094","2fb7b4f655a0c77072fc36b6172b5ca4c9fc88725e55231697e0ab2e8c7c8828"
"1192606","69","8","room","894 - Circulation Space","-27.4990288647938","153.0126010933093","45bd5cdf837ba9804e73bd8a1c35a3bfdd14cdd1bc367cef9342d9efddb33fe5"
"1192609","69","8","Meeting Room","804 - Meeting/Board/Conference Room","-27.499007327012308","153.01270072041595","47bdf8e46b693d29d814a305841f31b43804922a32755c2763ac3d675850a6b9"
"1003220767","69","8","room","826A - ELECTRICAL RISER / DB","-27.49900883381927","153.01259254105443","b7c05a2088a9c3b1c915d9fea671d06ade412ab230908d5c8245ecf9a0777cac"
"1003220768","69","8","room","826D - FIRE RISER","-27.49895563615421","153.01264904340977","076cbbefb5d4ea67c6c75ab1d9b6d52561d63478d8385bcdb3ee9c5bc6b999a7"
"1192610","69","9","room","903 - COMMS MICROWAVE ROOM","-27.49894547635984","153.0126618658983","5445d2d5b0b55ad34cad2f36ffa6889386b0a7b5b915ed76c4bcec96ca08b4cc"
"1192611","69","9","room","901 - Lift Motor Room","-27.49886400184385","153.01243951114705","fc4edae9d5d72303cff758f46ff5f23f82fdb3d20dc6ae4b8d808a22897e59ec"
"1192612","69","9","stairs","998 - Stairs","-27.498918067601227","153.01241441134331","da62530ab1d2b09b356770d95d5453f6b1827e50f57ac30cbda974e75e692677"
"1192613","69","9","room","902 - Plant Room-Mechanical","-27.498965089231543","153.01265493047677","1793399746c8b24eea3413b38d21bea889e8350a9c792f58a4b890c57a00fb59"
